,k,metric,weights,valeur
0,2,l1,uniform,0.9701943844492441
1,2,l1,distance,0.9084233261339093
2,2,l2,uniform,0.9676565874730022
3,2,l2,distance,0.9042116630669547
4,2,manhattan,uniform,0.9701943844492441
5,2,manhattan,distance,0.9084233261339093
6,2,nan_euclidean,uniform,0.9676565874730022
7,2,nan_euclidean,distance,0.9042116630669547
8,2,minkowski,uniform,0.9676565874730022
9,2,minkowski,distance,0.9042116630669547
10,2,chebyshev,uniform,0.9659827213822895
11,2,chebyshev,distance,0.8977861771058315
12,2,cityblock,uniform,0.9701943844492441
13,2,cityblock,distance,0.9084233261339093
14,2,cosine,uniform,0.967170626349892
15,2,cosine,distance,0.9042656587473002
16,2,euclidean,uniform,0.9676565874730022
17,2,euclidean,distance,0.9042116630669547
18,3,l1,uniform,0.9392548596112311
19,3,l1,distance,0.9393628509719223
20,3,l2,uniform,0.9316414686825054
21,3,l2,distance,0.9320194384449244
22,3,manhattan,uniform,0.9392548596112311
23,3,manhattan,distance,0.9393628509719223
24,3,nan_euclidean,uniform,0.9316414686825054
25,3,nan_euclidean,distance,0.9320194384449244
26,3,minkowski,uniform,0.9316414686825054
27,3,minkowski,distance,0.9320194384449244
28,3,chebyshev,uniform,0.9293736501079913
29,3,chebyshev,distance,0.9296436285097193
30,3,cityblock,uniform,0.9392548596112311
31,3,cityblock,distance,0.9393628509719223
32,3,cosine,uniform,0.9305075593952484
33,3,cosine,distance,0.9306695464362851
34,3,euclidean,uniform,0.9316414686825054
35,3,euclidean,distance,0.9320194384449244
36,4,l1,uniform,0.9682505399568034
37,4,l1,distance,0.93914686825054
38,4,l2,uniform,0.9653887688984881
39,4,l2,distance,0.9341252699784017
40,4,manhattan,uniform,0.9682505399568034
41,4,manhattan,distance,0.93914686825054
42,4,nan_euclidean,uniform,0.9653887688984881
43,4,nan_euclidean,distance,0.9341252699784017
44,4,minkowski,uniform,0.9653887688984881
45,4,minkowski,distance,0.9341252699784017
46,4,chebyshev,uniform,0.9640388768898488
47,4,chebyshev,distance,0.9297516198704103
48,4,cityblock,uniform,0.9682505399568034
49,4,cityblock,distance,0.93914686825054
50,4,cosine,uniform,0.9639308855291576
51,4,cosine,distance,0.9318034557235421
52,4,euclidean,uniform,0.9653887688984881
53,4,euclidean,distance,0.9341252699784017
54,5,l1,uniform,0.9487041036717062
55,5,l1,distance,0.9495140388768899
56,5,l2,uniform,0.944060475161987
57,5,l2,distance,0.9442764578833693
58,5,manhattan,uniform,0.9487041036717062
59,5,manhattan,distance,0.9495140388768899
60,5,nan_euclidean,uniform,0.944060475161987
61,5,nan_euclidean,distance,0.9442764578833693
62,5,minkowski,uniform,0.944060475161987
63,5,minkowski,distance,0.9442764578833693
64,5,chebyshev,uniform,0.941036717062635
65,5,chebyshev,distance,0.941036717062635
66,5,cityblock,uniform,0.9487041036717062
67,5,cityblock,distance,0.9495140388768899
68,5,cosine,uniform,0.9441684665226782
69,5,cosine,distance,0.9443844492440605
70,5,euclidean,uniform,0.944060475161987
71,5,euclidean,distance,0.9442764578833693
72,6,l1,uniform,0.968952483801296
73,6,l1,distance,0.9501619870410367
74,6,l2,uniform,0.9647948164146868
75,6,l2,distance,0.9461123110151188
76,6,manhattan,uniform,0.968952483801296
77,6,manhattan,distance,0.9501619870410367
78,6,nan_euclidean,uniform,0.9647948164146868
79,6,nan_euclidean,distance,0.9461123110151188
80,6,minkowski,uniform,0.9647948164146868
81,6,minkowski,distance,0.9461123110151188
82,6,chebyshev,uniform,0.963498920086393
83,6,chebyshev,distance,0.9420086393088553
84,6,cityblock,uniform,0.968952483801296
85,6,cityblock,distance,0.9501619870410367
86,6,cosine,uniform,0.9639848812095032
87,6,cosine,distance,0.9455183585313175
88,6,euclidean,uniform,0.9647948164146868
89,6,euclidean,distance,0.9461123110151188
90,7,l1,uniform,0.9538876889848812
91,7,l1,distance,0.9539956803455724
92,7,l2,uniform,0.9500539956803455
93,7,l2,distance,0.9502159827213823
94,7,manhattan,uniform,0.9538876889848812
95,7,manhattan,distance,0.9539956803455724
96,7,nan_euclidean,uniform,0.9500539956803455
97,7,nan_euclidean,distance,0.9502159827213823
98,7,minkowski,uniform,0.9500539956803455
99,7,minkowski,distance,0.9502159827213823
100,7,chebyshev,uniform,0.9484341252699784
101,7,chebyshev,distance,0.9485421166306696
102,7,cityblock,uniform,0.9538876889848812
103,7,cityblock,distance,0.9539956803455724
104,7,cosine,uniform,0.9489740820734341
105,7,cosine,distance,0.9489740820734341
106,7,euclidean,uniform,0.9500539956803455
107,7,euclidean,distance,0.9502159827213823
108,8,l1,uniform,0.9685745140388768
109,8,l1,distance,0.9551835853131749
110,8,l2,uniform,0.9657127429805615
111,8,l2,distance,0.9519978401727862
112,8,manhattan,uniform,0.9685745140388768
113,8,manhattan,distance,0.9551835853131749
114,8,nan_euclidean,uniform,0.9657127429805615
115,8,nan_euclidean,distance,0.9519978401727862
116,8,minkowski,uniform,0.9657127429805615
117,8,minkowski,distance,0.9519978401727862
118,8,chebyshev,uniform,0.9639308855291576
119,8,chebyshev,distance,0.9488120950323974
120,8,cityblock,uniform,0.9685745140388768
121,8,cityblock,distance,0.9551835853131749
122,8,cosine,uniform,0.9638768898488121
123,8,cosine,distance,0.9496760259179265
124,8,euclidean,uniform,0.9657127429805615
125,8,euclidean,distance,0.9519978401727862
126,9,l1,uniform,0.9576133909287257
127,9,l1,distance,0.9576133909287257
128,9,l2,uniform,0.9542656587473002
129,9,l2,distance,0.9544816414686825
130,9,manhattan,uniform,0.9576133909287257
131,9,manhattan,distance,0.9576133909287257
132,9,nan_euclidean,uniform,0.9542656587473002
133,9,nan_euclidean,distance,0.9544816414686825
134,9,minkowski,uniform,0.9542656587473002
135,9,minkowski,distance,0.9544816414686825
136,9,chebyshev,uniform,0.953671706263499
137,9,chebyshev,distance,0.9535097192224622
138,9,cityblock,uniform,0.9576133909287257
139,9,cityblock,distance,0.9576133909287257
140,9,cosine,uniform,0.9525377969762419
141,9,cosine,distance,0.9520518358531318
142,9,euclidean,uniform,0.9542656587473002
143,9,euclidean,distance,0.9544816414686825
144,10,l1,uniform,0.9691144708423326
145,10,l1,distance,0.9580993520518358
146,10,l2,uniform,0.966792656587473
147,10,l2,distance,0.9561555075593953
148,10,manhattan,uniform,0.9691144708423326
149,10,manhattan,distance,0.9580993520518358
150,10,nan_euclidean,uniform,0.966792656587473
151,10,nan_euclidean,distance,0.9561555075593953
152,10,minkowski,uniform,0.966792656587473
153,10,minkowski,distance,0.9561555075593953
154,10,chebyshev,uniform,0.9648488120950324
155,10,chebyshev,distance,0.9535097192224622
156,10,cityblock,uniform,0.9691144708423326
157,10,cityblock,distance,0.9580993520518358
158,10,cosine,uniform,0.9655507559395249
159,10,cosine,distance,0.9525377969762419
160,10,euclidean,uniform,0.966792656587473
161,10,euclidean,distance,0.9561555075593953
162,11,l1,uniform,0.9603131749460043
163,11,l1,distance,0.9602051835853131
164,11,l2,uniform,0.9577753779697624
165,11,l2,distance,0.9576673866090712
166,11,manhattan,uniform,0.9603131749460043
167,11,manhattan,distance,0.9602051835853131
168,11,nan_euclidean,uniform,0.9577753779697624
169,11,nan_euclidean,distance,0.9576673866090712
170,11,minkowski,uniform,0.9577753779697624
171,11,minkowski,distance,0.9576673866090712
172,11,chebyshev,uniform,0.9558855291576673
173,11,chebyshev,distance,0.9557775377969763
174,11,cityblock,uniform,0.9603131749460043
175,11,cityblock,distance,0.9602051835853131
176,11,cosine,uniform,0.9568034557235421
177,11,cosine,distance,0.9561015118790497
178,11,euclidean,uniform,0.9577753779697624
179,11,euclidean,distance,0.9576673866090712
180,12,l1,uniform,0.9697084233261339
181,12,l1,distance,0.9608531317494601
182,12,l2,uniform,0.9667386609071275
183,12,l2,distance,0.9584233261339092
184,12,manhattan,uniform,0.9697084233261339
185,12,manhattan,distance,0.9608531317494601
186,12,nan_euclidean,uniform,0.9667386609071275
187,12,nan_euclidean,distance,0.9584233261339092
188,12,minkowski,uniform,0.9667386609071275
189,12,minkowski,distance,0.9584233261339092
190,12,chebyshev,uniform,0.9665766738660907
191,12,chebyshev,distance,0.9561015118790497
192,12,cityblock,uniform,0.9697084233261339
193,12,cityblock,distance,0.9608531317494601
194,12,cosine,uniform,0.9663066954643629
195,12,cosine,distance,0.9565874730021598
196,12,euclidean,uniform,0.9667386609071275
197,12,euclidean,distance,0.9584233261339092
198,13,l1,uniform,0.9626889848812095
199,13,l1,distance,0.9625809935205184
200,13,l2,uniform,0.9596652267818575
201,13,l2,distance,0.960097192224622
202,13,manhattan,uniform,0.9626889848812095
203,13,manhattan,distance,0.9625809935205184
204,13,nan_euclidean,uniform,0.9596652267818575
205,13,nan_euclidean,distance,0.960097192224622
206,13,minkowski,uniform,0.9596652267818575
207,13,minkowski,distance,0.960097192224622
208,13,chebyshev,uniform,0.9585313174946004
209,13,chebyshev,distance,0.9582613390928726
210,13,cityblock,uniform,0.9626889848812095
211,13,cityblock,distance,0.9625809935205184
212,13,cosine,uniform,0.9583693304535638
213,13,cosine,distance,0.9587473002159828
214,13,euclidean,uniform,0.9596652267818575
215,13,euclidean,distance,0.960097192224622
216,14,l1,uniform,0.9701403887688985
217,14,l1,distance,0.963012958963283
218,14,l2,uniform,0.9678725701943844
219,14,l2,distance,0.9606371490280777
220,14,manhattan,uniform,0.9701403887688985
221,14,manhattan,distance,0.963012958963283
222,14,nan_euclidean,uniform,0.9678725701943844
223,14,nan_euclidean,distance,0.9606371490280777
224,14,minkowski,uniform,0.9678725701943844
225,14,minkowski,distance,0.9606371490280777
226,14,chebyshev,uniform,0.9677645788336933
227,14,chebyshev,distance,0.9588012958963283
228,14,cityblock,uniform,0.9701403887688985
229,14,cityblock,distance,0.963012958963283
230,14,cosine,uniform,0.9659827213822895
231,14,cosine,distance,0.9580993520518358
232,14,euclidean,uniform,0.9678725701943844
233,14,euclidean,distance,0.9606371490280777
234,15,l1,uniform,0.9639308855291576
235,15,l1,distance,0.9640388768898488
236,15,l2,uniform,0.9611771058315335
237,15,l2,distance,0.9614470842332613
238,15,manhattan,uniform,0.9639308855291576
239,15,manhattan,distance,0.9640388768898488
240,15,nan_euclidean,uniform,0.9611771058315335
241,15,nan_euclidean,distance,0.9614470842332613
242,15,minkowski,uniform,0.9611771058315335
243,15,minkowski,distance,0.9614470842332613
244,15,chebyshev,uniform,0.9608531317494601
245,15,chebyshev,distance,0.9607991360691145
246,15,cityblock,uniform,0.9639308855291576
247,15,cityblock,distance,0.9640388768898488
248,15,cosine,uniform,0.9594492440604752
249,15,cosine,distance,0.9595032397408207
250,15,euclidean,uniform,0.9611771058315335
251,15,euclidean,distance,0.9614470842332613
252,16,l1,uniform,0.969816414686825
253,16,l1,distance,0.9637149028077754
254,16,l2,uniform,0.968304535637149
255,16,l2,distance,0.9617170626349892
256,16,manhattan,uniform,0.969816414686825
257,16,manhattan,distance,0.9637149028077754
258,16,nan_euclidean,uniform,0.968304535637149
259,16,nan_euclidean,distance,0.9617170626349892
260,16,minkowski,uniform,0.968304535637149
261,16,minkowski,distance,0.9617170626349892
262,16,chebyshev,uniform,0.96792656587473
263,16,chebyshev,distance,0.9609071274298057
264,16,cityblock,uniform,0.969816414686825
265,16,cityblock,distance,0.9637149028077754
266,16,cosine,uniform,0.9665226781857451
267,16,cosine,distance,0.9592872570194384
268,16,euclidean,uniform,0.968304535637149
269,16,euclidean,distance,0.9617170626349892
270,17,l1,uniform,0.9654967602591793
271,17,l1,distance,0.9655507559395249
272,17,l2,uniform,0.962742980561555
273,17,l2,distance,0.9627969762419006
274,17,manhattan,uniform,0.9654967602591793
275,17,manhattan,distance,0.9655507559395249
276,17,nan_euclidean,uniform,0.962742980561555
277,17,nan_euclidean,distance,0.9627969762419006
278,17,minkowski,uniform,0.962742980561555
279,17,minkowski,distance,0.9627969762419006
280,17,chebyshev,uniform,0.9621490280777538
281,17,chebyshev,distance,0.9621490280777538
282,17,cityblock,uniform,0.9654967602591793
283,17,cityblock,distance,0.9655507559395249
284,17,cosine,uniform,0.9608531317494601
285,17,cosine,distance,0.9601511879049676
286,17,euclidean,uniform,0.962742980561555
287,17,euclidean,distance,0.9627969762419006
288,18,l1,uniform,0.9708423326133909
289,18,l1,distance,0.9659827213822895
290,18,l2,uniform,0.9684665226781858
291,18,l2,distance,0.963390928725702
292,18,manhattan,uniform,0.9708423326133909
293,18,manhattan,distance,0.9659827213822895
294,18,nan_euclidean,uniform,0.9684665226781858
295,18,nan_euclidean,distance,0.963390928725702
296,18,minkowski,uniform,0.9684665226781858
297,18,minkowski,distance,0.963390928725702
298,18,chebyshev,uniform,0.9683585313174946
299,18,chebyshev,distance,0.9616090712742981
300,18,cityblock,uniform,0.9708423326133909
301,18,cityblock,distance,0.9659827213822895
302,18,cosine,uniform,0.9676025917926566
303,18,cosine,distance,0.9614470842332613
304,18,euclidean,uniform,0.9684665226781858
305,18,euclidean,distance,0.963390928725702
306,19,l1,uniform,0.9669006479481641
307,19,l1,distance,0.9670086393088553
308,19,l2,uniform,0.9630669546436285
309,19,l2,distance,0.9630669546436285
310,19,manhattan,uniform,0.9669006479481641
311,19,manhattan,distance,0.9670086393088553
312,19,nan_euclidean,uniform,0.9630669546436285
313,19,nan_euclidean,distance,0.9630669546436285
314,19,minkowski,uniform,0.9630669546436285
315,19,minkowski,distance,0.9630669546436285
316,19,chebyshev,uniform,0.9635529157667386
317,19,chebyshev,distance,0.9634449244060476
318,19,cityblock,uniform,0.9669006479481641
319,19,cityblock,distance,0.9670086393088553
320,19,cosine,uniform,0.9619330453563715
321,19,cosine,distance,0.9612850971922247
322,19,euclidean,uniform,0.9630669546436285
323,19,euclidean,distance,0.9630669546436285
324,20,l1,uniform,0.9707883369330453
325,20,l1,distance,0.9662526997840173
326,20,l2,uniform,0.9686285097192224
327,20,l2,distance,0.9638768898488121
328,20,manhattan,uniform,0.9707883369330453
329,20,manhattan,distance,0.9662526997840173
330,20,nan_euclidean,uniform,0.9686285097192224
331,20,nan_euclidean,distance,0.9638768898488121
332,20,minkowski,uniform,0.9686285097192224
333,20,minkowski,distance,0.9638768898488121
334,20,chebyshev,uniform,0.9688984881209504
335,20,chebyshev,distance,0.9631749460043196
336,20,cityblock,uniform,0.9707883369330453
337,20,cityblock,distance,0.9662526997840173
338,20,cosine,uniform,0.9670626349892009
339,20,cosine,distance,0.9621490280777538
340,20,euclidean,uniform,0.9686285097192224
341,20,euclidean,distance,0.9638768898488121
342,21,l1,uniform,0.9669006479481641
343,21,l1,distance,0.9670626349892009
344,21,l2,uniform,0.9636609071274298
345,21,l2,distance,0.9637149028077754
346,21,manhattan,uniform,0.9669006479481641
347,21,manhattan,distance,0.9670626349892009
348,21,nan_euclidean,uniform,0.9636609071274298
349,21,nan_euclidean,distance,0.9637149028077754
350,21,minkowski,uniform,0.9636609071274298
351,21,minkowski,distance,0.9637149028077754
352,21,chebyshev,uniform,0.9644708423326134
353,21,chebyshev,distance,0.9640928725701944
354,21,cityblock,uniform,0.9669006479481641
355,21,cityblock,distance,0.9670626349892009
356,21,cosine,uniform,0.9629589632829374
357,21,cosine,distance,0.9626889848812095
358,21,euclidean,uniform,0.9636609071274298
359,21,euclidean,distance,0.9637149028077754
360,22,l1,uniform,0.9715982721382289
361,22,l1,distance,0.967170626349892
362,22,l2,uniform,0.9685205183585314
363,22,l2,distance,0.964524838012959
364,22,manhattan,uniform,0.9715982721382289
365,22,manhattan,distance,0.967170626349892
366,22,nan_euclidean,uniform,0.9685205183585314
367,22,nan_euclidean,distance,0.964524838012959
368,22,minkowski,uniform,0.9685205183585314
369,22,minkowski,distance,0.964524838012959
370,22,chebyshev,uniform,0.9693304535637149
371,22,chebyshev,distance,0.9640388768898488
372,22,cityblock,uniform,0.9715982721382289
373,22,cityblock,distance,0.967170626349892
374,22,cosine,uniform,0.9669546436285097
375,22,cosine,distance,0.9632289416846652
376,22,euclidean,uniform,0.9685205183585314
377,22,euclidean,distance,0.964524838012959
378,23,l1,uniform,0.9674406047516199
379,23,l1,distance,0.9677105831533477
380,23,l2,uniform,0.9647408207343412
381,23,l2,distance,0.964902807775378
382,23,manhattan,uniform,0.9674406047516199
383,23,manhattan,distance,0.9677105831533477
384,23,nan_euclidean,uniform,0.9647408207343412
385,23,nan_euclidean,distance,0.964902807775378
386,23,minkowski,uniform,0.9647408207343412
387,23,minkowski,distance,0.964902807775378
388,23,chebyshev,uniform,0.9649568034557235
389,23,chebyshev,distance,0.9647408207343412
390,23,cityblock,uniform,0.9674406047516199
391,23,cityblock,distance,0.9677105831533477
392,23,cosine,uniform,0.9629049676025918
393,23,cosine,distance,0.9629049676025918
394,23,euclidean,uniform,0.9647408207343412
395,23,euclidean,distance,0.964902807775378
396,24,l1,uniform,0.9720302375809935
397,24,l1,distance,0.967548596112311
398,24,l2,uniform,0.9688984881209504
399,24,l2,distance,0.9651727861771058
400,24,manhattan,uniform,0.9720302375809935
401,24,manhattan,distance,0.967548596112311
402,24,nan_euclidean,uniform,0.9688984881209504
403,24,nan_euclidean,distance,0.9651727861771058
404,24,minkowski,uniform,0.9688984881209504
405,24,minkowski,distance,0.9651727861771058
406,24,chebyshev,uniform,0.9691684665226782
407,24,chebyshev,distance,0.9646328293736501
408,24,cityblock,uniform,0.9720302375809935
409,24,cityblock,distance,0.967548596112311
410,24,cosine,uniform,0.9678185745140389
411,24,cosine,distance,0.9632289416846652
412,24,euclidean,uniform,0.9688984881209504
413,24,euclidean,distance,0.9651727861771058
414,25,l1,uniform,0.9686285097192224
415,25,l1,distance,0.9684665226781858
416,25,l2,uniform,0.9657127429805615
417,25,l2,distance,0.9654427645788337
418,25,manhattan,uniform,0.9686285097192224
419,25,manhattan,distance,0.9684665226781858
420,25,nan_euclidean,uniform,0.9657127429805615
421,25,nan_euclidean,distance,0.9654427645788337
422,25,minkowski,uniform,0.9657127429805615
423,25,minkowski,distance,0.9654427645788337
424,25,chebyshev,uniform,0.9651727861771058
425,25,chebyshev,distance,0.964902807775378
426,25,cityblock,uniform,0.9686285097192224
427,25,cityblock,distance,0.9684665226781858
428,25,cosine,uniform,0.963390928725702
429,25,cosine,distance,0.9632829373650108
430,25,euclidean,uniform,0.9657127429805615
431,25,euclidean,distance,0.9654427645788337
432,26,l1,uniform,0.9718142548596113
433,26,l1,distance,0.9681425485961123
434,26,l2,uniform,0.9691144708423326
435,26,l2,distance,0.965280777537797
436,26,manhattan,uniform,0.9718142548596113
437,26,manhattan,distance,0.9681425485961123
438,26,nan_euclidean,uniform,0.9691144708423326
439,26,nan_euclidean,distance,0.965280777537797
440,26,minkowski,uniform,0.9691144708423326
441,26,minkowski,distance,0.965280777537797
442,26,chebyshev,uniform,0.9688984881209504
443,26,chebyshev,distance,0.9650647948164147
444,26,cityblock,uniform,0.9718142548596113
445,26,cityblock,distance,0.9681425485961123
446,26,cosine,uniform,0.9684665226781858
447,26,cosine,distance,0.9633369330453564
448,26,euclidean,uniform,0.9691144708423326
449,26,euclidean,distance,0.965280777537797
450,27,l1,uniform,0.9688444924406048
451,27,l1,distance,0.9691684665226782
452,27,l2,uniform,0.9663066954643629
453,27,l2,distance,0.9663066954643629
454,27,manhattan,uniform,0.9688444924406048
455,27,manhattan,distance,0.9691684665226782
456,27,nan_euclidean,uniform,0.9663066954643629
457,27,nan_euclidean,distance,0.9663066954643629
458,27,minkowski,uniform,0.9663066954643629
459,27,minkowski,distance,0.9663066954643629
460,27,chebyshev,uniform,0.9652267818574514
461,27,chebyshev,distance,0.9655507559395249
462,27,cityblock,uniform,0.9688444924406048
463,27,cityblock,distance,0.9691684665226782
464,27,cosine,uniform,0.9642548596112311
465,27,cosine,distance,0.963498920086393
466,27,euclidean,uniform,0.9663066954643629
467,27,euclidean,distance,0.9663066954643629
468,28,l1,uniform,0.9725161987041037
469,28,l1,distance,0.9691144708423326
470,28,l2,uniform,0.9691684665226782
471,28,l2,distance,0.9665226781857451
472,28,manhattan,uniform,0.9725161987041037
473,28,manhattan,distance,0.9691144708423326
474,28,nan_euclidean,uniform,0.9691684665226782
475,28,nan_euclidean,distance,0.9665226781857451
476,28,minkowski,uniform,0.9691684665226782
477,28,minkowski,distance,0.9665226781857451
478,28,chebyshev,uniform,0.9696004319654428
479,28,chebyshev,distance,0.9659287257019439
480,28,cityblock,uniform,0.9725161987041037
481,28,cityblock,distance,0.9691144708423326
482,28,cosine,uniform,0.9684665226781858
483,28,cosine,distance,0.9640928725701944
484,28,euclidean,uniform,0.9691684665226782
485,28,euclidean,distance,0.9665226781857451
486,29,l1,uniform,0.9692224622030238
487,29,l1,distance,0.9693304535637149
488,29,l2,uniform,0.9661987041036717
489,29,l2,distance,0.9666846652267819
490,29,manhattan,uniform,0.9692224622030238
491,29,manhattan,distance,0.9693304535637149
492,29,nan_euclidean,uniform,0.9661987041036717
493,29,nan_euclidean,distance,0.9666846652267819
494,29,minkowski,uniform,0.9661987041036717
495,29,minkowski,distance,0.9666846652267819
496,29,chebyshev,uniform,0.9666846652267819
497,29,chebyshev,distance,0.9669546436285097
498,29,cityblock,uniform,0.9692224622030238
499,29,cityblock,distance,0.9693304535637149
500,29,cosine,uniform,0.9651187904967603
501,29,cosine,distance,0.9644168466522678
502,29,euclidean,uniform,0.9661987041036717
503,29,euclidean,distance,0.9666846652267819
504,30,l1,uniform,0.9725161987041037
505,30,l1,distance,0.9693844492440604
506,30,l2,uniform,0.9696544276457884
507,30,l2,distance,0.966792656587473
508,30,manhattan,uniform,0.9725161987041037
509,30,manhattan,distance,0.9693844492440604
510,30,nan_euclidean,uniform,0.9696544276457884
511,30,nan_euclidean,distance,0.966792656587473
512,30,minkowski,uniform,0.9696544276457884
513,30,minkowski,distance,0.966792656587473
514,30,chebyshev,uniform,0.9701943844492441
515,30,chebyshev,distance,0.9664686825053995
516,30,cityblock,uniform,0.9725161987041037
517,30,cityblock,distance,0.9693844492440604
518,30,cosine,uniform,0.968682505399568
519,30,cosine,distance,0.964524838012959
520,30,euclidean,uniform,0.9696544276457884
521,30,euclidean,distance,0.966792656587473
522,31,l1,uniform,0.9694924406047516
523,31,l1,distance,0.9696544276457884
524,31,l2,uniform,0.9665766738660907
525,31,l2,distance,0.9668466522678186
526,31,manhattan,uniform,0.9694924406047516
527,31,manhattan,distance,0.9696544276457884
528,31,nan_euclidean,uniform,0.9665766738660907
529,31,nan_euclidean,distance,0.9668466522678186
530,31,minkowski,uniform,0.9665766738660907
531,31,minkowski,distance,0.9668466522678186
532,31,chebyshev,uniform,0.967548596112311
533,31,chebyshev,distance,0.967548596112311
534,31,cityblock,uniform,0.9694924406047516
535,31,cityblock,distance,0.9696544276457884
536,31,cosine,uniform,0.9654427645788337
537,31,cosine,distance,0.9649568034557235
538,31,euclidean,uniform,0.9665766738660907
539,31,euclidean,distance,0.9668466522678186
540,32,l1,uniform,0.9722462203023758
541,32,l1,distance,0.9694924406047516
542,32,l2,uniform,0.9697624190064795
543,32,l2,distance,0.9672246220302376
544,32,manhattan,uniform,0.9722462203023758
545,32,manhattan,distance,0.9694924406047516
546,32,nan_euclidean,uniform,0.9697624190064795
547,32,nan_euclidean,distance,0.9672246220302376
548,32,minkowski,uniform,0.9697624190064795
549,32,minkowski,distance,0.9672246220302376
550,32,chebyshev,uniform,0.9703563714902808
551,32,chebyshev,distance,0.9665226781857451
552,32,cityblock,uniform,0.9722462203023758
553,32,cityblock,distance,0.9694924406047516
554,32,cosine,uniform,0.9691684665226782
555,32,cosine,distance,0.9648488120950324
556,32,euclidean,uniform,0.9697624190064795
557,32,euclidean,distance,0.9672246220302376
558,33,l1,uniform,0.9697624190064795
559,33,l1,distance,0.9696544276457884
560,33,l2,uniform,0.966792656587473
561,33,l2,distance,0.9671166306695465
562,33,manhattan,uniform,0.9697624190064795
563,33,manhattan,distance,0.9696544276457884
564,33,nan_euclidean,uniform,0.966792656587473
565,33,nan_euclidean,distance,0.9671166306695465
566,33,minkowski,uniform,0.966792656587473
567,33,minkowski,distance,0.9671166306695465
568,33,chebyshev,uniform,0.9676565874730022
569,33,chebyshev,distance,0.9676025917926566
570,33,cityblock,uniform,0.9697624190064795
571,33,cityblock,distance,0.9696544276457884
572,33,cosine,uniform,0.9655507559395249
573,33,cosine,distance,0.9654427645788337
574,33,euclidean,uniform,0.966792656587473
575,33,euclidean,distance,0.9671166306695465
576,34,l1,uniform,0.9724082073434125
577,34,l1,distance,0.9700863930885529
578,34,l2,uniform,0.9697624190064795
579,34,l2,distance,0.9671166306695465
580,34,manhattan,uniform,0.9724082073434125
581,34,manhattan,distance,0.9700863930885529
582,34,nan_euclidean,uniform,0.9697624190064795
583,34,nan_euclidean,distance,0.9671166306695465
584,34,minkowski,uniform,0.9697624190064795
585,34,minkowski,distance,0.9671166306695465
586,34,chebyshev,uniform,0.9707343412526998
587,34,chebyshev,distance,0.9671166306695465
588,34,cityblock,uniform,0.9724082073434125
589,34,cityblock,distance,0.9700863930885529
590,34,cosine,uniform,0.9693844492440604
591,34,cosine,distance,0.9657127429805615
592,34,euclidean,uniform,0.9697624190064795
593,34,euclidean,distance,0.9671166306695465
594,35,l1,uniform,0.9702483801295896
595,35,l1,distance,0.9704643628509719
596,35,l2,uniform,0.9669546436285097
597,35,l2,distance,0.9673326133909287
598,35,manhattan,uniform,0.9702483801295896
599,35,manhattan,distance,0.9704643628509719
600,35,nan_euclidean,uniform,0.9669546436285097
601,35,nan_euclidean,distance,0.9673326133909287
602,35,minkowski,uniform,0.9669546436285097
603,35,minkowski,distance,0.9673326133909287
604,35,chebyshev,uniform,0.9673866090712743
605,35,chebyshev,distance,0.9677645788336933
606,35,cityblock,uniform,0.9702483801295896
607,35,cityblock,distance,0.9704643628509719
608,35,cosine,uniform,0.9660367170626349
609,35,cosine,distance,0.9660367170626349
610,35,euclidean,uniform,0.9669546436285097
611,35,euclidean,distance,0.9673326133909287
612,36,l1,uniform,0.9730021598272138
613,36,l1,distance,0.9706803455723542
614,36,l2,uniform,0.9699244060475162
615,36,l2,distance,0.9674946004319654
616,36,manhattan,uniform,0.9730021598272138
617,36,manhattan,distance,0.9706803455723542
618,36,nan_euclidean,uniform,0.9699244060475162
619,36,nan_euclidean,distance,0.9674946004319654
620,36,minkowski,uniform,0.9699244060475162
621,36,minkowski,distance,0.9674946004319654
622,36,chebyshev,uniform,0.9703563714902808
623,36,chebyshev,distance,0.9671166306695465
624,36,cityblock,uniform,0.9730021598272138
625,36,cityblock,distance,0.9706803455723542
626,36,cosine,uniform,0.9691684665226782
627,36,cosine,distance,0.9659827213822895
628,36,euclidean,uniform,0.9699244060475162
629,36,euclidean,distance,0.9674946004319654
630,37,l1,uniform,0.9711663066954643
631,37,l1,distance,0.9713282937365011
632,37,l2,uniform,0.9680345572354212
633,37,l2,distance,0.9682505399568034
634,37,manhattan,uniform,0.9711663066954643
635,37,manhattan,distance,0.9713282937365011
636,37,nan_euclidean,uniform,0.9680345572354212
637,37,nan_euclidean,distance,0.9682505399568034
638,37,minkowski,uniform,0.9680345572354212
639,37,minkowski,distance,0.9682505399568034
640,37,chebyshev,uniform,0.9673326133909287
641,37,chebyshev,distance,0.9674406047516199
642,37,cityblock,uniform,0.9711663066954643
643,37,cityblock,distance,0.9713282937365011
644,37,cosine,uniform,0.9660367170626349
645,37,cosine,distance,0.9661987041036717
646,37,euclidean,uniform,0.9680345572354212
647,37,euclidean,distance,0.9682505399568034
648,38,l1,uniform,0.9737580993520518
649,38,l1,distance,0.9711123110151187
650,38,l2,uniform,0.9700323974082073
651,38,l2,distance,0.9677645788336933
652,38,manhattan,uniform,0.9737580993520518
653,38,manhattan,distance,0.9711123110151187
654,38,nan_euclidean,uniform,0.9700323974082073
655,38,nan_euclidean,distance,0.9677645788336933
656,38,minkowski,uniform,0.9700323974082073
657,38,minkowski,distance,0.9677645788336933
658,38,chebyshev,uniform,0.9706803455723542
659,38,chebyshev,distance,0.967548596112311
660,38,cityblock,uniform,0.9737580993520518
661,38,cityblock,distance,0.9711123110151187
662,38,cosine,uniform,0.9691684665226782
663,38,cosine,distance,0.9663606911447085
664,38,euclidean,uniform,0.9700323974082073
665,38,euclidean,distance,0.9677645788336933
666,39,l1,uniform,0.9717062634989201
667,39,l1,distance,0.9714902807775379
668,39,l2,uniform,0.9676565874730022
669,39,l2,distance,0.9680345572354212
670,39,manhattan,uniform,0.9717062634989201
671,39,manhattan,distance,0.9714902807775379
672,39,nan_euclidean,uniform,0.9676565874730022
673,39,nan_euclidean,distance,0.9680345572354212
674,39,minkowski,uniform,0.9676565874730022
675,39,minkowski,distance,0.9680345572354212
676,39,chebyshev,uniform,0.967548596112311
677,39,chebyshev,distance,0.9676025917926566
678,39,cityblock,uniform,0.9717062634989201
679,39,cityblock,distance,0.9714902807775379
680,39,cosine,uniform,0.9667386609071275
681,39,cosine,distance,0.9663606911447085
682,39,euclidean,uniform,0.9676565874730022
683,39,euclidean,distance,0.9680345572354212
684,40,l1,uniform,0.9733261339092872
685,40,l1,distance,0.9714362850971923
686,40,l2,uniform,0.9701403887688985
687,40,l2,distance,0.9678725701943844
688,40,manhattan,uniform,0.9733261339092872
689,40,manhattan,distance,0.9714362850971923
690,40,nan_euclidean,uniform,0.9701403887688985
691,40,nan_euclidean,distance,0.9678725701943844
692,40,minkowski,uniform,0.9701403887688985
693,40,minkowski,distance,0.9678725701943844
694,40,chebyshev,uniform,0.9701403887688985
695,40,chebyshev,distance,0.9673866090712743
696,40,cityblock,uniform,0.9733261339092872
697,40,cityblock,distance,0.9714362850971923
698,40,cosine,uniform,0.9693844492440604
699,40,cosine,distance,0.9670086393088553
700,40,euclidean,uniform,0.9701403887688985
701,40,euclidean,distance,0.9678725701943844
702,41,l1,uniform,0.9723542116630669
703,41,l1,distance,0.9718682505399568
704,41,l2,uniform,0.9680885529157668
705,41,l2,distance,0.9681965442764578
706,41,manhattan,uniform,0.9723542116630669
707,41,manhattan,distance,0.9718682505399568
708,41,nan_euclidean,uniform,0.9680885529157668
709,41,nan_euclidean,distance,0.9681965442764578
710,41,minkowski,uniform,0.9680885529157668
711,41,minkowski,distance,0.9681965442764578
712,41,chebyshev,uniform,0.9678185745140389
713,41,chebyshev,distance,0.9679805615550756
714,41,cityblock,uniform,0.9723542116630669
715,41,cityblock,distance,0.9718682505399568
716,41,cosine,uniform,0.9674406047516199
717,41,cosine,distance,0.967170626349892
718,41,euclidean,uniform,0.9680885529157668
719,41,euclidean,distance,0.9681965442764578
720,42,l1,uniform,0.9740280777537798
721,42,l1,distance,0.9719222462203023
722,42,l2,uniform,0.9706803455723542
723,42,l2,distance,0.9683585313174946
724,42,manhattan,uniform,0.9740280777537798
725,42,manhattan,distance,0.9719222462203023
726,42,nan_euclidean,uniform,0.9706803455723542
727,42,nan_euclidean,distance,0.9683585313174946
728,42,minkowski,uniform,0.9706803455723542
729,42,minkowski,distance,0.9683585313174946
730,42,chebyshev,uniform,0.9701403887688985
731,42,chebyshev,distance,0.9676565874730022
732,42,cityblock,uniform,0.9740280777537798
733,42,cityblock,distance,0.9719222462203023
734,42,cosine,uniform,0.9694924406047516
735,42,cosine,distance,0.9670626349892009
736,42,euclidean,uniform,0.9706803455723542
737,42,euclidean,distance,0.9683585313174946
738,43,l1,uniform,0.9723002159827214
739,43,l1,distance,0.9719222462203023
740,43,l2,uniform,0.9685205183585314
741,43,l2,distance,0.9684665226781858
742,43,manhattan,uniform,0.9723002159827214
743,43,manhattan,distance,0.9719222462203023
744,43,nan_euclidean,uniform,0.9685205183585314
745,43,nan_euclidean,distance,0.9684665226781858
746,43,minkowski,uniform,0.9685205183585314
747,43,minkowski,distance,0.9684665226781858
748,43,chebyshev,uniform,0.9680885529157668
749,43,chebyshev,distance,0.9681425485961123
750,43,cityblock,uniform,0.9723002159827214
751,43,cityblock,distance,0.9719222462203023
752,43,cosine,uniform,0.9668466522678186
753,43,cosine,distance,0.9670626349892009
754,43,euclidean,uniform,0.9685205183585314
755,43,euclidean,distance,0.9684665226781858
756,44,l1,uniform,0.9739200863930886
757,44,l1,distance,0.9720302375809935
758,44,l2,uniform,0.9713822894168467
759,44,l2,distance,0.9687904967602592
760,44,manhattan,uniform,0.9739200863930886
761,44,manhattan,distance,0.9720302375809935
762,44,nan_euclidean,uniform,0.9713822894168467
763,44,nan_euclidean,distance,0.9687904967602592
764,44,minkowski,uniform,0.9713822894168467
765,44,minkowski,distance,0.9687904967602592
766,44,chebyshev,uniform,0.9704103671706263
767,44,chebyshev,distance,0.9679805615550756
768,44,cityblock,uniform,0.9739200863930886
769,44,cityblock,distance,0.9720302375809935
770,44,cosine,uniform,0.969060475161987
771,44,cosine,distance,0.967170626349892
772,44,euclidean,uniform,0.9713822894168467
773,44,euclidean,distance,0.9687904967602592
774,45,l1,uniform,0.9719762419006479
775,45,l1,distance,0.9718142548596113
776,45,l2,uniform,0.9692224622030238
777,45,l2,distance,0.9691684665226782
778,45,manhattan,uniform,0.9719762419006479
779,45,manhattan,distance,0.9718142548596113
780,45,nan_euclidean,uniform,0.9692224622030238
781,45,nan_euclidean,distance,0.9691684665226782
782,45,minkowski,uniform,0.9692224622030238
783,45,minkowski,distance,0.9691684665226782
784,45,chebyshev,uniform,0.9686285097192224
785,45,chebyshev,distance,0.9684125269978402
786,45,cityblock,uniform,0.9719762419006479
787,45,cityblock,distance,0.9718142548596113
788,45,cosine,uniform,0.9672786177105831
789,45,cosine,distance,0.9674946004319654
790,45,euclidean,uniform,0.9692224622030238
791,45,euclidean,distance,0.9691684665226782
792,46,l1,uniform,0.973866090712743
793,46,l1,distance,0.9719762419006479
794,46,l2,uniform,0.9712742980561555
795,46,l2,distance,0.9692224622030238
796,46,manhattan,uniform,0.973866090712743
797,46,manhattan,distance,0.9719762419006479
798,46,nan_euclidean,uniform,0.9712742980561555
799,46,nan_euclidean,distance,0.9692224622030238
800,46,minkowski,uniform,0.9712742980561555
801,46,minkowski,distance,0.9692224622030238
802,46,chebyshev,uniform,0.9707883369330453
803,46,chebyshev,distance,0.9685205183585314
804,46,cityblock,uniform,0.973866090712743
805,46,cityblock,distance,0.9719762419006479
806,46,cosine,uniform,0.969816414686825
807,46,cosine,distance,0.9676565874730022
808,46,euclidean,uniform,0.9712742980561555
809,46,euclidean,distance,0.9692224622030238
810,47,l1,uniform,0.9724622030237581
811,47,l1,distance,0.9719762419006479
812,47,l2,uniform,0.9691684665226782
813,47,l2,distance,0.9693304535637149
814,47,manhattan,uniform,0.9724622030237581
815,47,manhattan,distance,0.9719762419006479
816,47,nan_euclidean,uniform,0.9691684665226782
817,47,nan_euclidean,distance,0.9693304535637149
818,47,minkowski,uniform,0.9691684665226782
819,47,minkowski,distance,0.9693304535637149
820,47,chebyshev,uniform,0.9688444924406048
821,47,chebyshev,distance,0.9684665226781858
822,47,cityblock,uniform,0.9724622030237581
823,47,cityblock,distance,0.9719762419006479
824,47,cosine,uniform,0.9680885529157668
825,47,cosine,distance,0.96792656587473
826,47,euclidean,uniform,0.9691684665226782
827,47,euclidean,distance,0.9693304535637149
828,48,l1,uniform,0.9739740820734342
829,48,l1,distance,0.9724622030237581
830,48,l2,uniform,0.9716522678185745
831,48,l2,distance,0.9691684665226782
832,48,manhattan,uniform,0.9739740820734342
833,48,manhattan,distance,0.9724622030237581
834,48,nan_euclidean,uniform,0.9716522678185745
835,48,nan_euclidean,distance,0.9691684665226782
836,48,minkowski,uniform,0.9716522678185745
837,48,minkowski,distance,0.9691684665226782
838,48,chebyshev,uniform,0.9707343412526998
839,48,chebyshev,distance,0.9688444924406048
840,48,cityblock,uniform,0.9739740820734342
841,48,cityblock,distance,0.9724622030237581
842,48,cosine,uniform,0.9695464362850972
843,48,cosine,distance,0.9677105831533477
844,48,euclidean,uniform,0.9716522678185745
845,48,euclidean,distance,0.9691684665226782
846,49,l1,uniform,0.9725701943844492
847,49,l1,distance,0.9723542116630669
848,49,l2,uniform,0.9695464362850972
849,49,l2,distance,0.9692764578833694
850,49,manhattan,uniform,0.9725701943844492
851,49,manhattan,distance,0.9723542116630669
852,49,nan_euclidean,uniform,0.9695464362850972
853,49,nan_euclidean,distance,0.9692764578833694
854,49,minkowski,uniform,0.9695464362850972
855,49,minkowski,distance,0.9692764578833694
856,49,chebyshev,uniform,0.968682505399568
857,49,chebyshev,distance,0.9687904967602592
858,49,cityblock,uniform,0.9725701943844492
859,49,cityblock,distance,0.9723542116630669
860,49,cosine,uniform,0.9680885529157668
861,49,cosine,distance,0.9680885529157668
862,49,euclidean,uniform,0.9695464362850972
863,49,euclidean,distance,0.9692764578833694
864,50,l1,uniform,0.9741360691144708
865,50,l1,distance,0.9725161987041037
866,50,l2,uniform,0.9718142548596113
867,50,l2,distance,0.9700323974082073
868,50,manhattan,uniform,0.9741360691144708
869,50,manhattan,distance,0.9725161987041037
870,50,nan_euclidean,uniform,0.9718142548596113
871,50,nan_euclidean,distance,0.9700323974082073
872,50,minkowski,uniform,0.9718142548596113
873,50,minkowski,distance,0.9700323974082073
874,50,chebyshev,uniform,0.9712203023758099
875,50,chebyshev,distance,0.9688444924406048
876,50,cityblock,uniform,0.9741360691144708
877,50,cityblock,distance,0.9725161987041037
878,50,cosine,uniform,0.9699784017278618
879,50,cosine,distance,0.96792656587473
880,50,euclidean,uniform,0.9718142548596113
881,50,euclidean,distance,0.9700323974082073
